,molecule_chembl_id,canonical_smiles,bioactivity_class,MW,LogP,NumHDonors,NumHAcceptors,pIC50
3,CHEMBL2323042,O=C(CC12CC3CC(CC(C3)C1)C2)NCC(=O)N1CCN(C(c2ccccc2)c2ccccc2)CC1,inactive,485.67200000000025,4.6429000000000045,1.0,3.0,5.0
6,CHEMBL2323039,COC(=O)c1ccc(COc2ccccc2CN2CCN(C(=O)CNC(=O)CC34CC5CC(CC(C5)C3)C4)CC2)cc1,active,573.7340000000003,4.419100000000004,1.0,6.0,7.698970004336019
8,CHEMBL2323037,O=C(CC12CC3CC(CC(C3)C1)C2)NCC(=O)N1CCN(Cc2ccccc2OCc2ccncc2)CC1,active,516.6860000000003,4.027500000000003,1.0,5.0,6.096910013008056
17,CHEMBL2323246,Cc1cccc(COc2ccccc2CN2CCN(C(=O)CNC(=O)CC34CC5CC(CC(C5)C3)C4)CC2)c1,active,529.7250000000005,4.940920000000004,1.0,4.0,6.455931955649724
22,CHEMBL2323059,O=C(CC12CC3CC(CC(C3)C1)C2)NCC(=O)N1CCN(Cc2ccc(Cl)c(Cl)c2)CC1,active,478.4640000000003,4.360300000000003,1.0,3.0,6.1249387366083
24,CHEMBL2323057,O=C(CC12CC3CC(CC(C3)C1)C2)NCC(=O)N1CCN(Cc2cc(Br)ccc2O)CC1,active,504.4690000000003,3.521600000000002,2.0,4.0,6.301029995663981
25,CHEMBL2323056,O=C(CC12CC3CC(CC(C3)C1)C2)NCC(=O)N1CCN(Cc2ccncc2)CC1,inactive,410.56200000000024,2.4485,1.0,4.0,4.838631997765025
27,CHEMBL2323054,O=C(CC12CC3CC(CC(C3)C1)C2)NCC(=O)N1CCN(Cc2ccc(C(=O)O)cc2)CC1,inactive,453.5830000000003,2.7517000000000005,2.0,4.0,4.3979400086720375
28,CHEMBL2323053,COC(=O)c1ccc(CN2CCN(C(=O)CNC(=O)CC34CC5CC(CC(C5)C3)C4)CC2)cc1,inactive,467.6100000000004,2.8400999999999996,1.0,5.0,4.823908740944319
36,CHEMBL2321889,O=C(CC12CC3CC(CC(C3)C1)C2)NCC(=O)N1CCN(Cc2cccc(C(=O)O)c2)CC1,inactive,453.5830000000003,2.7517000000000005,2.0,4.0,4.3979400086720375
37,CHEMBL2323045,COC(=O)c1cccc(CN2CCN(C(=O)CNC(=O)CC34CC5CC(CC(C5)C3)C4)CC2)c1,inactive,467.6100000000004,2.8401000000000005,1.0,5.0,4.853871964321762
41,CHEMBL2323273,O=C(CC12CC3CC(CC(C3)C1)C2)NCC(=O)N1CCN(Cc2cccc(Br)c2)CC1,active,488.47000000000025,3.8160000000000025,1.0,3.0,6.0
45,CHEMBL2323269,O=C(CC12CC3CC(CC(C3)C1)C2)NCC(=O)N1CCN(Cc2ccccc2C(=O)O)CC1,inactive,453.5830000000003,2.7516999999999996,2.0,4.0,4.3979400086720375
54,CHEMBL2323260,O=C(CC12CC3CC(CC(C3)C1)C2)NCCCC(=O)N1CCN(Cc2ccccc2)CC1,inactive,437.6280000000002,3.833700000000003,1.0,3.0,4.657577319177793
57,CHEMBL2323257,O=C(CC12CC3CC(CC(C3)C1)C2)NC(CCO)C(=O)N1CCN(Cc2ccccc2)CC1,inactive,453.6270000000003,2.804500000000001,2.0,4.0,4.3979400086720375
58,CHEMBL2323256,CC(OCc1ccccc1)C(NC(=O)CC12CC3CC(CC(C3)C1)C2)C(=O)N1CCN(Cc2ccccc2)CC1,inactive,543.7520000000003,5.027400000000005,1.0,4.0,4.5376020021010435
59,CHEMBL2323255,CC(O)C(NC(=O)CC12CC3CC(CC(C3)C1)C2)C(=O)N1CCN(Cc2ccccc2)CC1,inactive,453.62700000000024,2.8029,2.0,4.0,4.3979400086720375
60,CHEMBL2323254,N#CCC(NC(=O)CC12CC3CC(CC(C3)C1)C2)C(=O)N1CCN(Cc2ccccc2)CC1,inactive,448.6110000000002,3.3357800000000015,1.0,4.0,4.657577319177793
61,CHEMBL2323253,CC(C)CC(NC(=O)CC12CC3CC(CC(C3)C1)C2)C(=O)N1CCN(Cc2ccccc2)CC1,inactive,465.6820000000003,4.468200000000004,1.0,3.0,4.5376020021010435
62,CHEMBL2323252,CC(C)C(NC(=O)CC12CC3CC(CC(C3)C1)C2)C(=O)N1CCN(Cc2ccccc2)CC1,inactive,451.65500000000026,4.078100000000004,1.0,3.0,4.3979400086720375
63,CHEMBL2323283,O=C(CC12CC3CC(CC(C3)C1)C2)NCCC(=O)N1CCN(Cc2ccccc2)CC1,inactive,423.6010000000002,3.4436000000000018,1.0,3.0,4.769551078621726
64,CHEMBL2323282,CC(NC(=O)CC12CC3CC(CC(C3)C1)C2)C(=O)N1CCN(Cc2ccccc2)CC1,inactive,423.60100000000017,3.442000000000002,1.0,3.0,4.3979400086720375
65,CHEMBL2323281,O=C(CNC(=O)C12CC3CC(CC(C3)C1)C2)N1CCN(Cc2ccccc2)CC1,inactive,395.54700000000014,2.6634,1.0,3.0,4.5376020021010435
66,CHEMBL2323280,CC(C)(C)CC(=O)NCC(=O)N1CCN(Cc2ccccc2)CC1,inactive,331.46000000000004,1.8831999999999995,1.0,3.0,4.3979400086720375
67,CHEMBL1729263,O=C(Cc1ccc(Cl)cc1)NCC(=O)N1CCN(Cc2ccccc2)CC1,inactive,385.89500000000015,2.3431000000000006,1.0,3.0,4.721246399047171
68,CHEMBL2323279,O=C(Cc1ccccc1)NCC(=O)N1CCN(Cc2ccccc2)CC1,inactive,351.45000000000005,1.689699999999999,1.0,3.0,4.3979400086720375
69,CHEMBL2323278,O=C(CC1CCCCC1)NCC(=O)N1CCN(Cc2ccccc2)CC1,inactive,357.4980000000001,2.4173999999999998,1.0,3.0,4.3979400086720375
70,CHEMBL2323277,O=C(NCC(=O)N1CCN(Cc2ccccc2)CC1)c1ccccc1,inactive,337.42300000000006,1.7608,1.0,3.0,4.508638306165727
71,CHEMBL2323276,O=C(NCC(=O)N1CCN(Cc2ccccc2)CC1)C1CCCCC1,inactive,343.47100000000023,2.0273,1.0,3.0,4.568636235841013
73,CHEMBL221722,NC(=O)c1nc(F)cnc1O,inactive,157.10399999999998,-0.5798000000000002,2.0,4.0,4.173925197299174
78,CHEMBL1655,CN(C)CCOc1ccc(/C(=C(/CCCl)c2ccccc2)c2ccccc2)cc1,active,405.969,6.215000000000006,0.0,2.0,6.790484985457369
83,CHEMBL1655,CN(C)CCOc1ccc(/C(=C(/CCCl)c2ccccc2)c2ccccc2)cc1,active,405.969,6.215000000000006,0.0,2.0,7.585026652029182
84,CHEMBL569864,COc1cc2nc(N3CCCN(C)CC3)nc(NC3CCN(Cc4ccccc4)CC3)c2cc1OC,active,490.6520000000003,3.865400000000003,1.0,8.0,6.0
85,CHEMBL4084475,Cc1ccc(CN2CCCN(C)C3(CCN(C)CC3)C2)cc1C,active,315.5050000000001,2.9053400000000007,0.0,3.0,6.0
86,CHEMBL4064522,Cc1[nH]c2c(CN3CC(CO)C(CN4CCCC4)C3)cccc2c1C,active,341.4990000000001,2.920840000000001,2.0,3.0,6.0
87,CHEMBL399021,Nc1ncnc2c1c(-c1cccc(OCc3ccccc3)c1)cn2[C@H]1C[C@H](CN2CCCC2)C1,active,453.5900000000003,5.306400000000005,1.0,6.0,6.0
88,CHEMBL11,CN(C)CCCN1c2ccccc2CCc2ccccc21,inactive,280.415,3.8750000000000027,0.0,2.0,4.87942606879415
89,CHEMBL415,CN(C)CCCN1c2ccccc2CCc2ccc(Cl)cc21,inactive,314.86,4.528400000000004,0.0,2.0,4.987162775294828
91,CHEMBL1655,CN(C)CCOc1ccc(/C(=C(/CCCl)c2ccccc2)c2ccccc2)cc1,active,405.969,6.215000000000006,0.0,2.0,6.823908740944319
92,CHEMBL415,CN(C)CCCN1c2ccccc2CCc2ccc(Cl)cc21,inactive,314.86,4.528400000000004,0.0,2.0,4.943095148663527
94,CHEMBL1655,CN(C)CCOc1ccc(/C(=C(/CCCl)c2ccccc2)c2ccccc2)cc1,active,405.969,6.215000000000006,0.0,2.0,6.790484985457369
95,CHEMBL11,CN(C)CCCN1c2ccccc2CCc2ccccc21,inactive,280.415,3.8750000000000027,0.0,2.0,4.863279432843593
97,CHEMBL1655,CN(C)CCOc1ccc(/C(=C(/CCCl)c2ccccc2)c2ccccc2)cc1,active,405.969,6.215000000000006,0.0,2.0,6.247183568811728
98,CHEMBL2323039,COC(=O)c1ccc(COc2ccccc2CN2CCN(C(=O)CNC(=O)CC34CC5CC(CC(C5)C3)C4)CC2)cc1,active,573.7340000000003,4.419100000000004,1.0,6.0,7.886056647693163
99,CHEMBL4216072,O=C(CC12CC3CC(CC(Cl)(C3)C1)C2)NCC(=O)N1CCN(Cc2ccccc2OCc2ccc(Br)cc2)CC1,active,629.0390000000002,5.7564000000000055,1.0,4.0,6.301029995663981
100,CHEMBL4211103,O=C(CC12CC3CC(CC(Br)(C3)C1)C2)NCC(=O)N1CCN(Cc2ccccc2OCc2ccc(Br)cc2)CC1,active,673.4900000000002,5.912500000000007,1.0,4.0,6.221848749616356
101,CHEMBL4203855,O=C(CC12CC3(F)CC(F)(CC(F)(C3)C1)C2)NCC(=O)N1CCN(Cc2ccccc2OCc2ccc(Br)cc2)CC1,active,648.5640000000002,5.671300000000006,1.0,4.0,6.698970004336019
102,CHEMBL4215531,O=C(CC12CC3CC(C1)CC(c1ccccc1)(C3)C2)NCC(=O)N1CCN(Cc2ccccc2OCc2ccc(Br)cc2)CC1,active,670.6920000000002,6.716800000000007,1.0,4.0,6.154901959985743
103,CHEMBL4208214,O=C(CC12CC3CC(C1)CC(c1ccc(O)c([N+](=O)[O-])c1)(C3)C2)NCC(=O)N1CCN(Cc2ccccc2OCc2ccc(Br)cc2)CC1,active,731.6880000000001,6.3306000000000076,2.0,7.0,6.221848749616356
104,CHEMBL4203338,O=C(CC12CC3CC(CC(O)(C3)C1)C2)NCC(=O)N1CCN(Cc2ccccc2OCc2ccc(Br)cc2)CC1,active,610.5930000000001,4.509900000000004,2.0,5.0,6.301029995663981
106,CHEMBL4205827,CC1(CC(=O)NCC(=O)N2CCN(Cc3ccccc3OCc3ccc(Br)cc3)CC2)CCCCC1,active,556.545,5.1490000000000045,1.0,4.0,6.2839966563652006
107,CHEMBL4216746,COC(=O)c1ccc(COc2ccccc2CN2CCN(C(=O)CNC(=O)CC3(C)CCCCC3)CC2)cc1,active,535.6850000000006,4.173100000000003,1.0,6.0,7.096910013008056
108,CHEMBL4205057,COC(=O)c1ccc(COc2ccccc2CN2CCN(C(=O)CNC(=O)CC3CC(F)(F)C3)CC2)cc1,active,529.5840000000004,3.248000000000002,1.0,6.0,6.522878745280337
109,CHEMBL4204562,COC(=O)c1ccc(COc2ccccc2CN2CCN(C(=O)CNC(=O)CC3CCC(F)(F)CC3)CC2)cc1,active,557.6380000000003,4.028200000000003,1.0,6.0,7.301029995663981
110,CHEMBL4209431,COC(=O)c1ccc(COc2ccc(F)cc2CN2CCN(C(=O)CNC(=O)CC3CCC(F)(F)CC3)CC2)cc1,active,575.6280000000002,4.167300000000004,1.0,6.0,7.7447274948966935
111,CHEMBL4208899,COC(=O)c1ccc(COc2ccc(Cl)cc2CN2CCN(C(=O)CNC(=O)CC3CCC(F)(F)CC3)CC2)cc1,active,592.0830000000002,4.681600000000004,1.0,6.0,7.823908740944319
112,CHEMBL4213824,COC(=O)c1ccc(COc2ccccc2CN2CCN(C(=O)CNC(=O)CC3CC34CCCCC4)CC2)cc1,active,547.6960000000005,4.173100000000003,1.0,6.0,7.136677139879544
113,CHEMBL4213290,COC(=O)c1ccc(COc2ccccc2CN2CCN(C(=O)CNC(=O)CC3CC3(C)C)CC2)cc1,active,507.6310000000004,3.248800000000001,1.0,6.0,6.522878745280337
115,CHEMBL4217701,COC(=O)c1ccc(COc2ccc(Cl)cc2CN2CCN(C(=O)CNC(=O)C(F)(F)C(F)F)CC2)cc1,active,559.9440000000002,3.3664000000000014,1.0,6.0,6.795880017344075
117,CHEMBL4214380,O=C(CC1CCC(F)(F)CC1)NCC(=O)N1CCN(Cc2cc(Cl)ccc2O)CC1,active,443.92200000000025,3.021600000000001,2.0,4.0,6.327902142064283
120,CHEMBL4205104,O=C(CC1CCC(F)(F)CC1)NCC(=O)N1CCN(Cc2cc(Br)ccc2O)CC1,active,488.3730000000002,3.130700000000002,2.0,4.0,6.102372908709558
121,CHEMBL4205619,O=C(NCC(=O)N1CCN(Cc2cc(Cl)ccc2O)CC1)C1CC12CCC(F)(F)CC2,active,455.93300000000033,3.021600000000001,2.0,4.0,6.7447274948966935
122,CHEMBL4210009,Nc1ccc(Cl)cc1CN1CCN(C(=O)CNC(=O)CC2CCC(F)(F)CC2)CC1,active,442.93800000000033,2.898200000000001,2.0,4.0,6.468521082957745
126,CHEMBL4213694,Nc1ccc(Cl)cc1CN1CCN(C(=O)CNC(=O)C2CC23CCC(F)(F)CC3)CC1,active,454.94900000000035,2.898200000000001,2.0,4.0,7.0
127,CHEMBL4214214,Nc1ccc(Cl)cc1CN1CCN(C(=O)CNC(=O)C2CC23CCCC3)CC1,active,404.94200000000035,2.2628999999999992,2.0,4.0,6.619788758288394
129,CHEMBL4203991,CCC1(CC)CC1C(=O)NCC(=O)N1CCN(Cc2cc(Cl)ccc2N)CC1,active,406.95800000000014,2.5089000000000006,2.0,4.0,6.795880017344075
132,CHEMBL4212571,[2H]C([2H])(c1cc(Cl)ccc1N)N1CCN(C(=O)CNC(=O)CC2CCC(F)(F)CC2)CC1,active,444.9502035560003,2.898200000000001,2.0,4.0,6.459670525209126
133,CHEMBL4208672,[2H]C([2H])(c1cc(Cl)ccc1N)N1CCN(C(=O)CNC(=O)C2CC23CCC(F)(F)CC3)CC1,active,456.9612035560003,2.898200000000001,2.0,4.0,7.026872146400302
134,CHEMBL4208672,[2H]C([2H])(c1cc(Cl)ccc1N)N1CCN(C(=O)CNC(=O)C2CC23CCC(F)(F)CC3)CC1,active,456.9612035560003,2.898200000000001,2.0,4.0,7.292429823902063
135,CHEMBL4208672,[2H]C([2H])(c1cc(Cl)ccc1N)N1CCN(C(=O)CNC(=O)C2CC23CCC(F)(F)CC3)CC1,active,456.9612035560003,2.898200000000001,2.0,4.0,6.7447274948966935
136,CHEMBL4209778,O=C(CC12CC3CC(CC(C3)C1)C2)NCC(=O)N1CCN(Cc2ccccc2OCc2ccc(Br)cc2)CC1,active,594.5940000000002,5.395000000000005,1.0,4.0,6.657577319177793
137,CHEMBL4217113,COC(=O)c1ccc(COc2ccc(F)cc2CN2CCN(C(=O)CNC(=O)CC34CC5CC(CC(C5)C3)C4)CC2)cc1,active,591.7240000000002,4.558200000000004,1.0,6.0,8.853871964321762
138,CHEMBL4205398,COC(=O)c1ccc(COc2ccc(Cl)cc2CN2CCN(C(=O)CNC(=O)CC34CC5CC(CC(C5)C3)C4)CC2)cc1,active,608.1790000000002,5.072500000000005,1.0,6.0,8.958607314841775
139,CHEMBL4212693,COC(=O)c1ccc(COc2ccc(Br)cc2CN2CCN(C(=O)CNC(=O)CC34CC5CC(CC(C5)C3)C4)CC2)cc1,active,652.63,5.181600000000005,1.0,6.0,8.045757490560675
140,CHEMBL4217639,COC(=O)c1ccc(COc2ccc(C)cc2CN2CCN(C(=O)CNC(=O)CC34CC5CC(CC(C5)C3)C4)CC2)cc1,active,587.7610000000002,4.727520000000005,1.0,6.0,7.920818753952375
142,CHEMBL4213225,COC(=O)c1ccc(COc2ccc(C#N)cc2CN2CCN(C(=O)CNC(=O)CC34CC5CC(CC(C5)C3)C4)CC2)cc1,active,598.7440000000001,4.290780000000003,1.0,7.0,7.301029995663981
143,CHEMBL4206118,COS(=O)(=O)c1ccc(COc2ccc(F)cc2CN2CCN(C(=O)CNC(=O)CC34CC5CC(CC(C5)C3)C4)CC2)cc1,active,627.779,4.106700000000003,1.0,7.0,8.301029995663981
145,CHEMBL4215782,COC(=O)c1ccc(CCc2ccccc2CN2CCN(C(=O)CNC(=O)CC34CC5CC(CC(C5)C3)C4)CC2)cc1,active,571.7620000000003,4.625300000000004,1.0,5.0,7.698970004336019
146,CHEMBL4210142,NC(=O)c1ccc(COc2ccccc2CN2CCN(C(=O)CNC(=O)CC34CC5CC(CC(C5)C3)C4)CC2)cc1,active,558.7230000000003,3.7314000000000025,2.0,5.0,6.154901959985743
147,CHEMBL4208459,COC(=O)c1cccc(-c2ccc(Cl)cc2CN2CCN(C(=O)CNC(=O)CC34CC5CC(CC(C5)C3)C4)CC2)c1,active,578.1530000000002,5.160500000000004,1.0,5.0,6.6020599913279625
148,CHEMBL4203573,COC(=O)c1ccc(Oc2cc(Cl)cc(CN3CCN(C(=O)CNC(=O)CC45CC6CC(CC(C6)C4)C5)CC3)c2)cc1,active,594.1520000000003,5.285800000000005,1.0,6.0,7.795880017344075
149,CHEMBL4207713,NS(=O)(=O)c1ccc(COc2ccccc2CN2CCN(C(=O)CNC(=O)CC34CC5CC(CC(C5)C3)C4)CC2)cc1,active,594.7780000000001,3.2799000000000014,2.0,6.0,6.455931955649724
150,CHEMBL4202839,CNS(=O)(=O)c1ccc(COc2ccccc2CN2CCN(C(=O)CNC(=O)CC34CC5CC(CC(C5)C3)C4)CC2)cc1,active,608.8050000000002,3.540600000000002,2.0,6.0,6.522878745280337
151,CHEMBL4211136,CN(C)S(=O)(=O)c1ccc(COc2ccccc2CN2CCN(C(=O)CNC(=O)CC34CC5CC(CC(C5)C3)C4)CC2)cc1,active,622.8320000000001,3.882800000000003,1.0,6.0,6.3979400086720375
152,CHEMBL4209813,O=C(CC12CC3CC(CC(C3)C1)C2)NCC(=O)N1CCN(Cc2ccccc2OCc2ccc(-c3ncco3)cc2)CC1,active,582.7450000000002,5.287500000000005,1.0,6.0,6.568636235841013
153,CHEMBL4212162,O=C(CC12CC3CC(CC(C3)C1)C2)NCC(=O)N1CCN(Cc2cc(Cl)ccc2F)CC1,active,462.00900000000024,3.8460000000000027,1.0,3.0,6.443697499232712
156,CHEMBL2323057,O=C(CC12CC3CC(CC(C3)C1)C2)NCC(=O)N1CCN(Cc2cc(Br)ccc2O)CC1,active,504.4690000000003,3.521600000000002,2.0,4.0,6.301029995663981
157,CHEMBL4209870,O=C(CC12CC3CC(CC(C3)C1)C2)NCC(=O)N1CCN(Cc2cc(Cl)ccc2O)CC1,active,460.01800000000026,3.4125000000000023,2.0,4.0,6.698970004336019
158,CHEMBL4208401,Nc1ccc(Cl)cc1CN1CCN(C(=O)CNC(=O)CC23CC4CC(CC(C4)C2)C3)CC1,active,459.03400000000045,3.2891000000000012,2.0,4.0,7.045757490560675
159,CHEMBL4211342,CC(=O)Nc1ccc(Cl)cc1CN1CCN(C(=O)CNC(=O)CC23CC4CC(CC(C4)C2)C3)CC1,active,501.0710000000005,3.665300000000002,2.0,4.0,6.022276394711152
160,CHEMBL4211619,N#Cc1ccc(Br)cc1CN1CCN(C(=O)CNC(=O)CC23CC4CC(CC(C4)C2)C3)CC1,active,513.4800000000005,3.687680000000002,1.0,4.0,6.508638306165727
164,CHEMBL4203875,O=C(CC12CC3CC(CC(C3)C1)C2)NCC(=O)N1CCN(Cc2cc(Cl)cc(F)c2F)CC1,active,479.99900000000025,3.9851000000000028,1.0,3.0,6.173925197299173
165,CHEMBL4204421,O=C(CC12CC3CC(CC(C3)C1)C2)NCC(=O)N1CCN(Cc2cc(Cl)c(F)cc2F)CC1,active,479.99900000000025,3.9851000000000028,1.0,3.0,6.431798275933005
167,CHEMBL4215666,O=C(CC12CC3CC(CC(C3)C1)C2)NCC(=O)N1CCN(Cc2cc(Cl)cc(Cl)c2Cl)CC1,active,512.9090000000003,5.0137000000000045,1.0,3.0,6.366531544420414
168,CHEMBL4205782,CS(=O)(=O)c1ccc(COc2ccc(Cl)cc2CN2CCN(C(=O)CNC(=O)C3CC34CCC(F)(F)CC4)CC2)cc1,active,624.1500000000002,4.298500000000003,1.0,6.0,7.031517051446065
169,CHEMBL4218620,[2H]C([2H])(c1cc(Cl)ccc1NCc1ccc(S(C)(=O)=O)cc1)N1CCN(C(=O)CNC(=O)C2CC23CCC(F)(F)CC3)CC1,active,625.1782035560001,4.331600000000003,2.0,6.0,6.962573502059376
170,CHEMBL2323039,COC(=O)c1ccc(COc2ccccc2CN2CCN(C(=O)CNC(=O)CC34CC5CC(CC(C5)C3)C4)CC2)cc1,active,573.7340000000003,4.419100000000004,1.0,6.0,7.1938200260161125
172,CHEMBL4208672,[2H]C([2H])(c1cc(Cl)ccc1N)N1CCN(C(=O)CNC(=O)C2CC23CCC(F)(F)CC3)CC1,active,456.9612035560003,2.898200000000001,2.0,4.0,6.787812395596042
173,CHEMBL4213070,CS(=O)(=O)c1ccc(COc2ccc(Cl)cc2CN2CCN(C(=O)CNC(=O)CC3CCC(F)(F)CC3)CC2)cc1,active,612.1390000000001,4.298500000000003,1.0,6.0,7.42021640338319
174,CHEMBL4205782,CS(=O)(=O)c1ccc(COc2ccc(Cl)cc2CN2CCN(C(=O)CNC(=O)C3CC34CCC(F)(F)CC4)CC2)cc1,active,624.1500000000002,4.298500000000003,1.0,6.0,7.455931955649724
175,CHEMBL4205782,CS(=O)(=O)c1ccc(COc2ccc(Cl)cc2CN2CCN(C(=O)CNC(=O)C3CC34CCC(F)(F)CC4)CC2)cc1,active,624.1500000000002,4.298500000000003,1.0,6.0,7.721246399047171
176,CHEMBL4208258,CS(=O)(=O)c1ccc(CNc2ccc(Cl)cc2CN2CCN(C(=O)CNC(=O)CC3CCC(F)(F)CC3)CC2)cc1,active,611.1550000000002,4.3316000000000034,2.0,6.0,7.552841968657781
177,CHEMBL4203388,CS(=O)(=O)c1ccc(CNc2ccc(Cl)cc2CN2CCN(C(=O)CNC(=O)C3CC34CCC(F)(F)CC4)CC2)cc1,active,623.1660000000003,4.3316000000000034,2.0,6.0,7.3979400086720375
178,CHEMBL4218620,[2H]C([2H])(c1cc(Cl)ccc1NCc1ccc(S(C)(=O)=O)cc1)N1CCN(C(=O)CNC(=O)C2CC23CCC(F)(F)CC3)CC1,active,625.1782035560001,4.331600000000003,2.0,6.0,7.6777807052660805
180,CHEMBL4441098,Cc1[nH]nc(-c2ccc(OCCN3CCC(C(N)=O)CC3)cc2O)c1-c1ccc(Cl)cc1,active,454.9580000000002,3.9872200000000024,3.0,5.0,7.301029995663981
181,CHEMBL1655,CN(C)CCOc1ccc(/C(=C(/CCCl)c2ccccc2)c2ccccc2)cc1,active,405.969,6.215000000000006,0.0,2.0,7.045757490560675
182,CHEMBL35228,COc1ccc2nc3cc(Cl)ccc3c(Nc3cc(CN4CCCC4)c(O)c(CN4CCCC4)c3)c2n1,active,518.0610000000005,6.085800000000006,2.0,7.0,6.086186147616283
185,CHEMBL1360108,N#Cc1c(NCCN)nc(-c2ccccc2)c2c1CCCC2,inactive,292.38600000000014,2.8696800000000016,2.0,4.0,4.61261017366127
187,CHEMBL4778899,CCCNC(=O)[C@@H]1O[C@H]1C(=O)N[C@@H](Cc1ccc(C)cc1)C(=O)N[C@H](C(=O)N1CCN(Cc2ccccc2)CC1)c1ccccc1,active,625.7700000000002,2.517820000000005,3.0,6.0,7.154901959985743
189,CHEMBL4065616,CCC(CC)COC(=O)[C@H](C)N[P@](=O)(OC[C@H]1O[C@@](C#N)(c2ccc3c(N)ncnn23)[C@H](O)[C@@H]1O)Oc1ccccc1,active,602.5850000000002,2.3121799999999997,4.0,13.0,6.494850021680094
190,CHEMBL5092756,CCCCCCCCCCCCCC(=O)O[C@@H]1[C@H](O)[C@@H](CO[P@@](=O)(N[C@H](C)C(=O)OCC(CC)CC)Oc2ccccc2)O[C@@]1(C#N)c1ccc2c(N)ncnn12,active,812.9459999999998,7.5641800000000075,3.0,14.0,6.173925197299173
191,CHEMBL5077949,CCCCCCCCCCOCCC(=O)O[C@@H]1[C@H](O)[C@@H](CO[P@@](=O)(N[C@H](C)C(=O)OCC(CC)CC)Oc2ccccc2)O[C@@]1(C#N)c1ccc2c(N)ncnn12,active,814.9179999999998,6.410480000000006,3.0,15.0,6.522878745280337
192,CHEMBL5086796,CCC(CC)COC(=O)[C@@H](C)N[P@](=O)(OC[C@H]1O[C@@](C#N)(c2ccc3c(N)ncnn23)[C@H](OC(=O)CCCCCCCCCCCN=[N+]=[N-])[C@@H]1O)Oc1ccccc1,active,825.9049999999994,7.074380000000008,3.0,15.0,6.301029995663981
194,CHEMBL5074199,CCSCCCCCCCCCCCC(=O)O[C@@H]1[C@H](O)[C@@H](CO[P@@](=O)(N[C@H](C)C(=O)OCC(CC)CC)Oc2ccccc2)O[C@@]1(C#N)c1ccc2c(N)ncnn12,active,845.0129999999996,7.517180000000008,3.0,15.0,6.6020599913279625
195,CHEMBL5090826,CCCCCCCCCCCCCC(=O)O[C@H]1[C@@H](O)[C@](C#N)(c2ccc3c(N)ncnn23)O[C@@H]1CO[P@@](=O)(N[C@H](C)C(=O)OCC(CC)CC)Oc1ccccc1,active,812.946,7.5641800000000075,3.0,14.0,6.1487416512809245
196,CHEMBL5079736,CCCCCCCCCCOCCC(=O)O[C@H]1[C@@H](O)[C@](C#N)(c2ccc3c(N)ncnn23)O[C@@H]1CO[P@@](=O)(N[C@H](C)C(=O)OCC(CC)CC)Oc1ccccc1,active,814.918,6.410480000000005,3.0,15.0,6.795880017344075
197,CHEMBL5084473,CCC(CC)COC(=O)[C@@H](C)N[P@](=O)(OC[C@H]1O[C@@](C#N)(c2ccc3c(N)ncnn23)[C@H](O)[C@@H]1OC(=O)CCCCCCCCCCCN=[N+]=[N-])Oc1ccccc1,active,825.9049999999993,7.074380000000007,3.0,15.0,6.346787486224656
199,CHEMBL5092860,CCSCCCCCCCCCCCC(=O)O[C@H]1[C@@H](O)[C@](C#N)(c2ccc3c(N)ncnn23)O[C@@H]1CO[P@@](=O)(N[C@H](C)C(=O)OCC(CC)CC)Oc1ccccc1,active,845.0129999999999,7.517180000000007,3.0,15.0,6.552841968657781
200,CHEMBL5086165,CCCCCCCCCCCCCC(=O)O[C@H]1[C@@H](OC(=O)CCCCCCCCCCCCC)[C@](C#N)(c2ccc3c(N)ncnn23)O[C@@H]1CO[P@@](=O)(N[C@H](C)C(=O)OCC(CC)CC)Oc1ccccc1,inactive,1023.307,12.816179999999987,2.0,15.0,4.91721462968355
201,CHEMBL5080493,CCCCCCCCCCOCCC(=O)O[C@H]1[C@@H](OC(=O)CCOCCCCCCCCCC)[C@](C#N)(c2ccc3c(N)ncnn23)O[C@@H]1CO[P@@](=O)(N[C@H](C)C(=O)OCC(CC)CC)Oc1ccccc1,inactive,1027.251,10.508779999999994,2.0,17.0,4.301029995663981
202,CHEMBL111077,CCCCCCCCCCCCCC(=O)O,inactive,228.37599999999995,4.772100000000004,1.0,1.0,4.301029995663981
203,CHEMBL1871969,CCCCCCCCCCOCCC(=O)O,inactive,230.34799999999996,3.618400000000002,1.0,2.0,4.301029995663981
204,CHEMBL1760728,CCSCCCCCCCCCCCC(=O)O,inactive,260.4429999999999,4.725100000000003,1.0,2.0,4.301029995663981
205,CHEMBL5086572,[N-]=[N+]=NCCCCCCCCCCCC(=O)O,inactive,241.33499999999995,4.282300000000003,1.0,2.0,4.301029995663981
206,CHEMBL4065616,CCC(CC)COC(=O)[C@H](C)N[P@](=O)(OC[C@H]1O[C@@](C#N)(c2ccc3c(N)ncnn23)[C@H](O)[C@@H]1O)Oc1ccccc1,inactive,602.5850000000002,2.3121799999999997,4.0,13.0,4.619788758288394
207,CHEMBL5092756,CCCCCCCCCCCCCC(=O)O[C@@H]1[C@H](O)[C@@H](CO[P@@](=O)(N[C@H](C)C(=O)OCC(CC)CC)Oc2ccccc2)O[C@@]1(C#N)c1ccc2c(N)ncnn12,inactive,812.9459999999998,7.5641800000000075,3.0,14.0,4.301029995663981
208,CHEMBL5077949,CCCCCCCCCCOCCC(=O)O[C@@H]1[C@H](O)[C@@H](CO[P@@](=O)(N[C@H](C)C(=O)OCC(CC)CC)Oc2ccccc2)O[C@@]1(C#N)c1ccc2c(N)ncnn12,inactive,814.9179999999998,6.410480000000006,3.0,15.0,4.443697499232712
209,CHEMBL5086796,CCC(CC)COC(=O)[C@@H](C)N[P@](=O)(OC[C@H]1O[C@@](C#N)(c2ccc3c(N)ncnn23)[C@H](OC(=O)CCCCCCCCCCCN=[N+]=[N-])[C@@H]1O)Oc1ccccc1,inactive,825.9049999999994,7.074380000000008,3.0,15.0,4.301029995663981
210,CHEMBL5084250,CCCCCCCCCCCCCCCC(=O)O[C@@H]1[C@H](O)[C@@H](CO[P@@](=O)(N[C@H](C)C(=O)OCC(CC)CC)Oc2ccccc2)O[C@@]1(C#N)c1ccc2c(N)ncnn12,inactive,840.9999999999995,8.344380000000008,3.0,14.0,4.301029995663981
211,CHEMBL5074199,CCSCCCCCCCCCCCC(=O)O[C@@H]1[C@H](O)[C@@H](CO[P@@](=O)(N[C@H](C)C(=O)OCC(CC)CC)Oc2ccccc2)O[C@@]1(C#N)c1ccc2c(N)ncnn12,inactive,845.0129999999996,7.517180000000008,3.0,15.0,4.5376020021010435
212,CHEMBL5090826,CCCCCCCCCCCCCC(=O)O[C@H]1[C@@H](O)[C@](C#N)(c2ccc3c(N)ncnn23)O[C@@H]1CO[P@@](=O)(N[C@H](C)C(=O)OCC(CC)CC)Oc1ccccc1,inactive,812.946,7.5641800000000075,3.0,14.0,4.301029995663981
213,CHEMBL5079736,CCCCCCCCCCOCCC(=O)O[C@H]1[C@@H](O)[C@](C#N)(c2ccc3c(N)ncnn23)O[C@@H]1CO[P@@](=O)(N[C@H](C)C(=O)OCC(CC)CC)Oc1ccccc1,inactive,814.918,6.410480000000005,3.0,15.0,4.853871964321762
214,CHEMBL5084473,CCC(CC)COC(=O)[C@@H](C)N[P@](=O)(OC[C@H]1O[C@@](C#N)(c2ccc3c(N)ncnn23)[C@H](O)[C@@H]1OC(=O)CCCCCCCCCCCN=[N+]=[N-])Oc1ccccc1,inactive,825.9049999999993,7.074380000000007,3.0,15.0,4.301029995663981
215,CHEMBL5085366,CCCCCCCCCCCCCCCC(=O)O[C@H]1[C@@H](O)[C@](C#N)(c2ccc3c(N)ncnn23)O[C@@H]1CO[P@@](=O)(N[C@H](C)C(=O)OCC(CC)CC)Oc1ccccc1,inactive,841.0,8.344380000000008,3.0,14.0,4.301029995663981
216,CHEMBL5092860,CCSCCCCCCCCCCCC(=O)O[C@H]1[C@@H](O)[C@](C#N)(c2ccc3c(N)ncnn23)O[C@@H]1CO[P@@](=O)(N[C@H](C)C(=O)OCC(CC)CC)Oc1ccccc1,inactive,845.0129999999999,7.517180000000007,3.0,15.0,4.301029995663981
217,CHEMBL5086165,CCCCCCCCCCCCCC(=O)O[C@H]1[C@@H](OC(=O)CCCCCCCCCCCCC)[C@](C#N)(c2ccc3c(N)ncnn23)O[C@@H]1CO[P@@](=O)(N[C@H](C)C(=O)OCC(CC)CC)Oc1ccccc1,inactive,1023.307,12.816179999999987,2.0,15.0,4.301029995663981
218,CHEMBL5080493,CCCCCCCCCCOCCC(=O)O[C@H]1[C@@H](OC(=O)CCOCCCCCCCCCC)[C@](C#N)(c2ccc3c(N)ncnn23)O[C@@H]1CO[P@@](=O)(N[C@H](C)C(=O)OCC(CC)CC)Oc1ccccc1,inactive,1027.251,10.508779999999994,2.0,17.0,4.301029995663981
219,CHEMBL111077,CCCCCCCCCCCCCC(=O)O,inactive,228.37599999999995,4.772100000000004,1.0,1.0,4.301029995663981
220,CHEMBL1871969,CCCCCCCCCCOCCC(=O)O,inactive,230.34799999999996,3.618400000000002,1.0,2.0,4.301029995663981
221,CHEMBL1760728,CCSCCCCCCCCCCCC(=O)O,inactive,260.4429999999999,4.725100000000003,1.0,2.0,4.301029995663981
222,CHEMBL5086572,[N-]=[N+]=NCCCCCCCCCCCC(=O)O,inactive,241.33499999999995,4.282300000000003,1.0,2.0,4.301029995663981
223,CHEMBL4065616,CCC(CC)COC(=O)[C@H](C)N[P@](=O)(OC[C@H]1O[C@@](C#N)(c2ccc3c(N)ncnn23)[C@H](O)[C@@H]1O)Oc1ccccc1,active,602.5850000000002,2.3121799999999997,4.0,13.0,6.0
224,CHEMBL5086796,CCC(CC)COC(=O)[C@@H](C)N[P@](=O)(OC[C@H]1O[C@@](C#N)(c2ccc3c(N)ncnn23)[C@H](OC(=O)CCCCCCCCCCCN=[N+]=[N-])[C@@H]1O)Oc1ccccc1,active,825.9049999999994,7.074380000000008,3.0,15.0,6.721246399047171
225,CHEMBL5084473,CCC(CC)COC(=O)[C@@H](C)N[P@](=O)(OC[C@H]1O[C@@](C#N)(c2ccc3c(N)ncnn23)[C@H](O)[C@@H]1OC(=O)CCCCCCCCCCCN=[N+]=[N-])Oc1ccccc1,active,825.9049999999993,7.074380000000007,3.0,15.0,6.080921907623926
228,CHEMBL5183759,C=C(C)O[C@@H]1[C@@H](OC(C)=O)[C@H](NC(=O)[C@]23CCC(C)(C)C[C@H]2C2=CC[C@@H]4[C@@]5(C)CCC(=O)C(C)(C)[C@@H]5CC[C@@]4(C)[C@]2(C)CC3=O)O[C@H](COC(C)=O)[C@@H]1OC(C)=O,active,796.0110000000001,6.722600000000008,1.0,11.0,7.22767829327708
229,CHEMBL5199121,C#CN(CCCC1(C)N=N1)C(=O)[C@]12CCC(C)(C)C[C@H]1C1=CC[C@@H]3[C@@]4(C)CCC(=O)C(C)(C)[C@@H]4CC[C@@]3(C)[C@]1(C)CC2=O,active,587.8490000000003,7.91770000000001,0.0,5.0,6.330404218975687
230,CHEMBL221722,NC(=O)c1nc(F)cnc1O,inactive,157.10399999999998,-0.5798000000000002,2.0,4.0,4.173925197299174
231,CHEMBL221722,NC(=O)c1nc(F)cnc1O,inactive,157.10399999999998,-0.5798000000000002,2.0,4.0,4.173925197299174
232,CHEMBL4068210,CCC(CC)COC(=O)[C@H](C)NP(=O)(OC[C@H]1O[C@@](C#N)(c2ccc3c(N)ncnn23)[C@H](O)[C@@H]1O)Oc1ccccc1,inactive,602.5850000000002,2.3121799999999997,4.0,13.0,4.0655015487564325
233,CHEMBL5172194,O=C(CNCCC1CCN(Cc2ccccc2)CC1)Nn1c2ccccc2c2ccccc21,active,440.5910000000002,4.7565000000000035,2.0,4.0,6.431798275933005
236,CHEMBL5176722,FC(C1=Nc2ccccc2N=C(c2ccccc2)C1)C(F)(F)F,inactive,320.289,5.184000000000002,0.0,2.0,5.0
237,CHEMBL1655,CN(C)CCOc1ccc(/C(=C(/CCCl)c2ccccc2)c2ccccc2)cc1,active,405.969,6.215000000000006,0.0,2.0,6.790484985457369
242,CHEMBL415,CN(C)CCCN1c2ccccc2CCc2ccc(Cl)cc21,inactive,314.86,4.528400000000004,0.0,2.0,4.943095148663527
244,CHEMBL11,CN(C)CCCN1c2ccccc2CCc2ccccc21,inactive,280.415,3.8750000000000027,0.0,2.0,4.863279432843593
245,CHEMBL91704,CN1CCN(C(=O)N[C@@H](Cc2ccccc2)C(=O)N[C@H](/C=C/S(=O)(=O)c2ccccc2)CCc2ccccc2)CC1,active,574.7470000000001,3.659900000000002,2.0,5.0,9.443697499232712
246,CHEMBL5190923,CCN1CCN(C(=O)N[C@@H](Cc2ccccc2)C(=O)N[C@H](/C=C/S(=O)(=O)c2ccccc2)CCc2ccccc2)CC1,active,588.7740000000001,4.0500000000000025,2.0,5.0,10.397940008672037
247,CHEMBL5185113,CC(C)N1CCN(C(=O)N[C@@H](Cc2ccccc2)C(=O)N[C@H](/C=C/S(=O)(=O)c2ccccc2)CCc2ccccc2)CC1,active,602.8010000000002,4.438500000000003,2.0,5.0,10.397940008672037
248,CHEMBL5181012,CCCN1CCN(C(=O)N[C@@H](Cc2ccccc2)C(=O)N[C@H](/C=C/S(=O)(=O)c2ccccc2)CCc2ccccc2)CC1,active,602.8010000000002,4.440100000000003,2.0,5.0,10.397940008672037
249,CHEMBL5198546,O=C(N[C@H](/C=C/S(=O)(=O)c1ccccc1)CCc1ccccc1)[C@H](Cc1ccccc1)NC(=O)N1CCN(c2ccccc2)CC1,active,636.818,5.234700000000005,2.0,5.0,10.397940008672037
250,CHEMBL4743491,COCCN1CCN(C(=O)N[C@@H](Cc2ccccc2)C(=O)N[C@H](/C=C/S(=O)(=O)c2ccccc2)CCc2ccccc2)CC1,active,618.8000000000001,3.6765000000000025,2.0,6.0,10.397940008672037
251,CHEMBL4755358,CC(C)(C)N1CCN(C(=O)N[C@@H](Cc2ccccc2)C(=O)N[C@H](/C=C/S(=O)(=O)c2ccccc2)CCc2ccccc2)CC1,active,616.8280000000002,4.828600000000004,2.0,5.0,10.397940008672037
252,CHEMBL4297643,Cc1cccc(/C=N/Nc2cc(N3CCOCC3)nc(OCCc3ccccn3)n2)c1,active,418.50100000000015,3.0841200000000013,1.0,8.0,8.0
253,CHEMBL263634,CC(C)(C)OC(=O)N[C@@H](Cc1c[nH]c2ccccc12)C(=O)NNC(=O)OCC(=O)N1CCCc2ccccc21,inactive,535.6010000000003,3.3405000000000014,4.0,6.0,3.714442690992226
254,CHEMBL5290974,COC(=O)[C@H]1C[C@H](OCCN)[C@@H](O[C@H]2O[C@H](CO)[C@@H](O)[C@H](O)[C@@H]2O)C[C@@H]1C(=O)OC,inactive,437.4420000000001,-3.1123999999999947,5.0,12.0,3.207608310501746
255,CHEMBL5290974,COC(=O)[C@H]1C[C@H](OCCN)[C@@H](O[C@H]2O[C@H](CO)[C@@H](O)[C@H](O)[C@@H]2O)C[C@@H]1C(=O)OC,active,437.4420000000001,-3.1123999999999947,5.0,12.0,7.221848749616356
256,CHEMBL3121700,[N-]=[N+]=NCCO[C@H]1C[C@H](C(=O)NCc2ccc(CO)cc2)[C@@H](C(=O)NCc2ccc(CO)cc2)C[C@@H]1O[C@H]1O[C@H](CO)[C@@H](O)[C@H](O)[C@@H]1O,active,673.7200000000005,-0.48939999999999784,8.0,12.0,7.221848749616356
257,CHEMBL5275329,CCN(CC)Cc1cc(Nc2ccnc3cc(I)ccc23)ccc1O,active,447.3200000000001,5.130400000000004,2.0,4.0,6.1938200260161125
258,CHEMBL5287023,CCN(CC)Cc1cc(Nc2c(Oc3ccccc3)cnc3cc(Cl)ccc23)ccc1O,active,447.9660000000002,6.971500000000005,2.0,5.0,6.136677139879544
259,CHEMBL5281963,CCCCCCNCc1cc(Nc2ccnc3cc(Cl)ccc23)ccc1O,active,383.9230000000001,6.007300000000005,3.0,4.0,6.5376020021010435
260,CHEMBL528236,CCCCN(CCCC)Cc1cc(Nc2ccnc3cc(Cl)ccc23)ccc1O,active,411.97700000000015,6.7396000000000065,2.0,4.0,6.142667503568732
261,CHEMBL5281554,CCCCCCCCN(C)Cc1cc(Nc2ccnc3cc(I)ccc23)ccc1O,active,517.4550000000002,7.080900000000007,2.0,4.0,6.585026652029182
262,CHEMBL1655,CN(C)CCOc1ccc(/C(=C(/CCCl)c2ccccc2)c2ccccc2)cc1,active,405.969,6.215000000000006,0.0,2.0,7.154901959985743
263,CHEMBL83,CC/C(=C(\c1ccccc1)c1ccc(OCCN(C)C)cc1)c1ccccc1,active,371.524,5.9961000000000055,0.0,2.0,7.0
264,CHEMBL28211,COc1ccc2c(c1)CCC(c1ccccc1)=C2c1ccc(OCCN2CCCC2)cc1,active,425.5720000000003,6.075100000000007,0.0,3.0,7.0
267,CHEMBL392916,CCC(=C(c1ccc(OCCN2CCCC2)cc1)c1ccc(OCCN2CCCC2)cc1)c1ccccc1,active,510.72200000000026,7.004900000000008,0.0,4.0,7.698970004336019
270,CHEMBL4741938,COc1ccc2c(Oc3ccc(OCCN4CCCCC4)cc3)c(-c3ccccc3)sc2c1,active,459.61100000000016,7.233900000000006,0.0,5.0,6.585026652029182
271,CHEMBL226269,Oc1ccc2c(Oc3ccc(OCCN4CCCCC4)cc3)c(-c3ccc(F)cc3)sc2c1,active,463.5740000000001,7.070000000000005,1.0,5.0,6.008773924307505
272,CHEMBL226329,Nc1ccc(-c2sc3cc(O)ccc3c2Oc2ccc(OCCN3CCCCC3)cc2)cc1,active,460.5990000000004,6.513100000000005,2.0,6.0,6.886056647693163
273,CHEMBL226327,Oc1ccc2c(Oc3ccc(OCCN4CCCCC4)cc3)c(-c3ccccc3)sc2c1,active,445.5840000000001,6.930900000000005,1.0,5.0,6.522878745280337
274,CHEMBL4797649,COc1ccc(-c2sc3cc(OC)ccc3c2Oc2ccc(OCCN3CCC(CCNC(=O)CCCCNC(=O)OC(C)(C)C)CC3)cc2)cc1,active,731.9560000000001,8.669900000000005,2.0,9.0,6.096910013008056
276,CHEMBL4746824,COc1ccc2c(Oc3ccc(OCCN4CCCCC4)cc3)c(-c3ccc(Br)cc3)sc2c1,active,538.5070000000001,7.996400000000006,0.0,5.0,6.200659450546418
279,CHEMBL4297509,CCNCCc1ccc(CN(CC)c2cc(OC)ccc2[C@@H]2CCc3cc(O)ccc3C2)cc1,active,458.6460000000002,5.851800000000007,2.0,4.0,6.619788758288394
282,CHEMBL4745844,CC/C(=C(/c1ccc(N)cc1)c1ccc(OCCN2CCCC2)cc1)c1ccccc1,active,412.57700000000017,6.112500000000005,1.0,3.0,6.886056647693163
283,CHEMBL4743737,CC/C(=C(/c1ccc(NCCN2CCCC2)cc1)c1ccc(OCCN2CCCC2)cc1)c1ccccc1,active,509.7380000000003,7.038000000000008,1.0,4.0,6.481486060122113
284,CHEMBL4795040,CC/C(=C(/c1ccc(NCCN2CCOCC2)cc1)c1ccc(OCCN2CCOCC2)cc1)c1ccccc1,active,541.7360000000003,5.510800000000006,1.0,6.0,6.638272163982407
285,CHEMBL4754810,CC/C(=C(/c1ccc(NC(=O)C2CCN(C)CC2)cc1)c1ccc(OCCN2CCCC2)cc1)c1ccccc1,active,537.7480000000004,6.810600000000008,1.0,4.0,8.0
286,CHEMBL4757636,CC/C(=C(/c1ccc(NC(=O)N2CCN(C)CC2)cc1)c1ccc(OCCN2CCCC2)cc1)c1ccccc1,active,538.7360000000003,6.309600000000008,1.0,4.0,7.522878745280337
287,CHEMBL4782391,CC/C(=C(/c1ccc(NC(=O)C2CCN(C)C2)cc1)c1ccc(OCCN2CCCC2)cc1)c1ccccc1,active,523.7210000000003,6.420500000000007,1.0,4.0,7.698970004336019
288,CHEMBL4796723,CC/C(=C(/c1ccc(NC(=O)C2CCN(C3CCN(C)CC3)CC2)cc1)c1ccc(OCCN2CCCC2)cc1)c1ccccc1,active,620.8820000000004,7.275000000000009,1.0,5.0,6.7447274948966935
289,CHEMBL4761341,CC/C(=C(/c1ccc(NC(=O)CN2CCN(C)CC2)cc1)c1ccc(OCCN2CCCC2)cc1)c1ccccc1,active,552.7630000000004,5.716200000000007,1.0,5.0,8.0
290,CHEMBL4751531,CC/C(=C(/c1ccc(NC(=O)CC2CCN(C)CC2)cc1)c1ccc(OCCN2CCCC2)cc1)c1ccccc1,active,551.7750000000004,7.200700000000008,1.0,4.0,8.221848749616356
291,CHEMBL4742939,CC/C(=C(/c1ccc(NC(=O)CN2CCOCC2)cc1)c1ccc(OCCN2CCCC2)cc1)c1ccccc1,active,539.7200000000004,5.801000000000006,1.0,5.0,6.455931955649724
292,CHEMBL4760524,CC/C(=C(/c1ccc(NC(=O)CN2CCOCC2)cc1)c1ccc(OCCN2CCOCC2)cc1)c1ccccc1,active,555.7190000000004,5.037400000000005,1.0,6.0,6.130768280269024
293,CHEMBL4278533,CC1(C)[C@H]2CC[C@]1(C)[C@H](OC(=O)CCN1CCCCC1)C2,inactive,293.451,3.6204000000000027,0.0,3.0,4.323306390375134
295,CHEMBL4288786,CC1CCN(CCC(=O)O[C@@H]2C[C@@H]3CC[C@@]2(C)C3(C)C)CC1,inactive,307.47800000000007,3.866400000000003,0.0,3.0,4.265200170411153
296,CHEMBL4792802,CC1CCN(CCC(=O)O[C@@H]2C[C@@H]3CC[C@@]2(C)C3(C)C)CC1.Cl,inactive,343.939,4.288200000000004,0.0,3.0,4.189095719331299
297,CHEMBL221722,NC(=O)c1nc(F)cnc1O,inactive,157.10399999999998,-0.5798000000000002,2.0,4.0,4.173925197299174
299,CHEMBL5193528,CCOc1ccc(NC(=O)CSc2nnc(COc3cccc(N(C)C)c3)n2-c2ccccc2)cc1,inactive,503.62800000000016,5.041800000000005,1.0,8.0,5.0
